AAPL Outcomes,
0: 9.017477749514254E-7,
1: 0.0024978634080038377,
2: 0.02548735497298018,
3: 0.002535499082800978,
4: 0.4978216309904793,
5: 0.12792433414166718,
6: 0.7588674045625405,
7: 0.06713818838663327,
