ANDV Outcomes,
0: 1.2481625331984644E-4,
1: 0.0018573351041977705,
2: 3.121066855272427E-4,
3: 8.7642680152168E-4,
4: 1.1742071022648246E-8,
5: 0.45228416081496253,
6: 0.5567852056223014,
7: 0.2921779187033348,
