COKE Outcomes,
0: 0.011621528493263806,
1: 0.020616531658013946,
2: 0.11383255287373377,
3: 0.0664504214157495,
4: 0.056431438740930366,
5: 0.2610247209671081,
6: 0.24887286021105925,
7: 0.34588459171247593,
