DE Outcomes,
0: 3.348346402536024E-6,
1: 3.559981939437079E-8,
2: 9.344804984371999E-7,
3: 0.04958121079703729,
4: 0.9960841199079472,
5: 0.03624335818052372,
6: 0.0014404846868396263,
7: 0.18290295762346873,
