EA Outcomes,
0: 5.031597794746636E-12,
1: 5.903308505205422E-8,
2: 0.012718552562481578,
3: 0.017678357771927476,
4: 1.895330038965366E-4,
5: 0.012002668859424448,
6: 0.001103838434181862,
7: 0.9934137011322657,
