CTL Outcomes,
0: 5.491087094915441E-7,
1: 0.10149659476581152,
2: 0.4473629989341253,
3: 9.056784709779336E-5,
4: 1.965223226661686E-5,
5: 0.02165610958795627,
6: 0.13337707302208693,
7: 4.2401832985182426E-4,
